{
  "base": {
    "precision": 0.8983414769172668,
    "recall": 0.8821702003479004,
    "f1": 0.8898002505302429
  },
  "fine_tuned": {
    "precision": 0.9060848355293274,
    "recall": 0.8870503306388855,
    "f1": 0.8962892293930054
  }
}