{
  "base": {
    "rouge1": 0.4554283814051956,
    "rouge2": 0.201426167333364,
    "rougeL": 0.3072886218961718,
    "rougeLsum": 0.33695708290004367
  },
  "fine_tuned": {
    "rouge1": 0.540702644841915,
    "rouge2": 0.2564332040439954,
    "rougeL": 0.3485255833722078,
    "rougeLsum": 0.3752361367165803
  }
}